date,loc,latitude,longitude,res
2010,SRPMIC-VR-1,33.557667,-111.667983,1.8
2011,SRPMIC-VR-1,33.557667,-111.667983,1.9
2013,SRPMIC-VR-1,33.557667,-111.667983,0.0
2014,SRPMIC-VR-1,33.557667,-111.667983,5.0
2016,SRPMIC-VR-1,33.557667,-111.667983,1.1
2017,SRPMIC-VR-1,33.557667,-111.667983,1.2
2018,SRPMIC-VR-1,33.557667,-111.667983,1.2
2019,SRPMIC-VR-1,33.557667,-111.667983,14.0
2020,SRPMIC-VR-1,33.557667,-111.667983,2.2
2021,SRPMIC-VR-1,33.557667,-111.667983,0.83
2010,SRPMIC-VR-2,33.566806,-111.666583,1.5
2011,SRPMIC-VR-2,33.566806,-111.666583,1.1
2013,SRPMIC-VR-2,33.566806,-111.666583,0.0
2014,SRPMIC-VR-2,33.566806,-111.666583,4.3
2016,SRPMIC-VR-2,33.566806,-111.666583,0.76
2018,SRPMIC-VR-2,33.566806,-111.666583,0.95
2019,SRPMIC-VR-2,33.566806,-111.666583,3.5
2020,SRPMIC-VR-2,33.566806,-111.666583,1.2
2021,SRPMIC-VR-2,33.566806,-111.666583,0.68
2010,SRPMIC-SR-1,33.546683,-111.660333,2.9
2011,SRPMIC-SR-1,33.546683,-111.660333,2.4
2013,SRPMIC-SR-1,33.546683,-111.660333,4.3
2014,SRPMIC-SR-1,33.546683,-111.660333,5.8999999999999995
2016,SRPMIC-SR-1,33.546683,-111.660333,0.83
2018,SRPMIC-SR-1,33.546683,-111.660333,1.0
2019,SRPMIC-SR-1,33.546683,-111.660333,99.0
2020,SRPMIC-SR-1,33.546683,-111.660333,0.0
2021,SRPMIC-SR-1,33.546683,-111.660333,1.6
2010,SRPMIC-SR-2,33.5389,-111.671917,2.4
2013,SRPMIC-SR-2,33.5389,-111.671917,0.0
2014,SRPMIC-SR-2,33.5389,-111.671917,4.0
2016,SRPMIC-SR-2,33.5389,-111.671917,0.78
2018,SRPMIC-SR-2,33.5389,-111.671917,1.5
2019,SRPMIC-SR-2,33.5389,-111.671917,3.5
2020,SRPMIC-SR-2,33.5389,-111.671917,0.0
2021,SRPMIC-SR-2,33.5389,-111.671917,1.7
2005,21ARIZ_WQX-SRPNT027.51,33.3563056,-110.9488364,990.0
2007,21ARIZ_WQX-SRPNT027.51,33.3563056,-110.9488364,2000.0
2008,21ARIZ_WQX-SRPNT027.51,33.3563056,-110.9488364,320.0
2014,21ARIZ_WQX-SRPNT027.51,33.3563056,-110.9488364,11000.0
2015,21ARIZ_WQX-SRPNT027.51,33.3563056,-110.9488364,536.0
2016,21ARIZ_WQX-SRPNT027.51,33.3563056,-110.9488364,1780.0
1997,UTAHDWQ_WQX-5952430,36.95498,-111.48376,0.0
1998,UTAHDWQ_WQX-5952430,36.95498,-111.48376,0.0
1999,UTAHDWQ_WQX-5952430,36.95498,-111.48376,0.0
2000,UTAHDWQ_WQX-5952430,36.95498,-111.48376,0.0
2001,UTAHDWQ_WQX-5952430,36.95498,-111.48376,0.0
2002,UTAHDWQ_WQX-5952430,36.95498,-111.48376,0.0
2003,UTAHDWQ_WQX-5952430,36.95498,-111.48376,0.0
2004,UTAHDWQ_WQX-5952430,36.95498,-111.48376,0.0
2005,UTAHDWQ_WQX-5952430,36.95498,-111.48376,0.0
2006,UTAHDWQ_WQX-5952430,36.95498,-111.48376,0.0
2007,UTAHDWQ_WQX-5952430,36.95498,-111.48376,1.54
2008,UTAHDWQ_WQX-5952430,36.95498,-111.48376,2.04
2009,UTAHDWQ_WQX-5952430,36.95498,-111.48376,1.28
2010,UTAHDWQ_WQX-5952430,36.95498,-111.48376,2.47
2011,UTAHDWQ_WQX-5952430,36.95498,-111.48376,1.43
2012,UTAHDWQ_WQX-5952430,36.95498,-111.48376,1.23
2013,UTAHDWQ_WQX-5952430,36.95498,-111.48376,1.95
2014,UTAHDWQ_WQX-5952430,36.95498,-111.48376,1.184
2017,UTAHDWQ_WQX-5952430,36.95498,-111.48376,1.54
2018,UTAHDWQ_WQX-5952430,36.95498,-111.48376,1.61
2019,UTAHDWQ_WQX-5952430,36.95498,-111.48376,1.87
2021,UTAHDWQ_WQX-5952430,36.95498,-111.48376,0.84
1978,UTAHDWQ_WQX-4952000,36.93666,-111.48404,5.0
1979,UTAHDWQ_WQX-4952000,36.93666,-111.48404,5.0
1980,UTAHDWQ_WQX-4952000,36.93666,-111.48404,15.0
1981,UTAHDWQ_WQX-4952000,36.93666,-111.48404,15.0
1982,UTAHDWQ_WQX-4952000,36.93666,-111.48404,0.0
1983,UTAHDWQ_WQX-4952000,36.93666,-111.48404,15.0
1984,UTAHDWQ_WQX-4952000,36.93666,-111.48404,20.0
1985,UTAHDWQ_WQX-4952000,36.93666,-111.48404,0.0
1986,UTAHDWQ_WQX-4952000,36.93666,-111.48404,20.0
1999,21NEV1_WQX-NV13-101-M-001,35.8694496,-114.6619034,0.0
2000,21NEV1_WQX-NV13-101-M-001,35.8694496,-114.6619034,0.0
2001,21NEV1_WQX-NV13-101-M-001,35.8694496,-114.6619034,0.0
2002,21NEV1_WQX-NV13-101-M-001,35.8694496,-114.6619034,0.0
2003,21NEV1_WQX-NV13-101-M-001,35.8694496,-114.6619034,0.0
2004,21NEV1_WQX-NV13-101-M-001,35.8694496,-114.6619034,0.0
2005,21NEV1_WQX-NV13-101-M-001,35.8694496,-114.6619034,0.0
1995,NNEPA-01WHEATFIE18,36.23718734,-109.0481236,0.0
1996,NNEPA-01WHEATFIE18,36.23718734,-109.0481236,0.0
1999,NNEPA-01WHEATFIE18,36.23718734,-109.0481236,0.0
2000,NNEPA-01WHEATFIE18,36.23718734,-109.0481236,0.0
2001,NNEPA-01WHEATFIE18,36.23718734,-109.0481236,0.0
2002,NNEPA-01WHEATFIE18,36.23718734,-109.0481236,0.0
2003,NNEPA-01WHEATFIE18,36.23718734,-109.0481236,0.0
2004,NNEPA-01WHEATFIE18,36.23718734,-109.0481236,0.0
2005,NNEPA-01WHEATFIE18,36.23718734,-109.0481236,0.0
2006,NNEPA-01WHEATFIE18,36.23718734,-109.0481236,0.0
2008,NNEPA-01WHEATFIE18,36.23718734,-109.0481236,0.0
2009,NNEPA-01WHEATFIE18,36.23718734,-109.0481236,0.0
2012,NNEPA-01WHEATFIE18,36.23718734,-109.0481236,0.0
2013,NNEPA-01WHEATFIE18,36.23718734,-109.0481236,0.0
1987,AZDEQ_SW-408,32.8695,-109.51175,14.0
1988,AZDEQ_SW-408,32.8695,-109.51175,21.0
1989,AZDEQ_SW-408,32.8695,-109.51175,130.0
1990,AZDEQ_SW-408,32.8695,-109.51175,200.0
1991,AZDEQ_SW-408,32.8695,-109.51175,190.0
1992,AZDEQ_SW-408,32.8695,-109.51175,850.0
1993,AZDEQ_SW-408,32.8695,-109.51175,500.0
1994,AZDEQ_SW-408,32.8695,-109.51175,94.0
1995,AZDEQ_SW-408,32.8695,-109.51175,20.0
1996,AZDEQ_SW-408,32.8695,-109.51175,280.0
1997,AZDEQ_SW-408,32.8695,-109.51175,50.6
1998,AZDEQ_SW-408,32.8695,-109.51175,46.8
1999,AZDEQ_SW-408,32.8695,-109.51175,54.0
2000,AZDEQ_SW-408,32.8695,-109.51175,197.0
2001,AZDEQ_SW-408,32.8695,-109.51175,21.0
2002,AZDEQ_SW-408,32.8695,-109.51175,54.0
2003,AZDEQ_SW-408,32.8695,-109.51175,33.0
2004,AZDEQ_SW-408,32.8695,-109.51175,81.0
2007,AZDEQ_SW-408,32.8695,-109.51175,130.0
2014,AZDEQ_SW-408,32.8695,-109.51175,1370.0
2015,AZDEQ_SW-408,32.8695,-109.51175,142.0
2016,AZDEQ_SW-408,32.8695,-109.51175,61.0
2017,AZDEQ_SW-408,32.8695,-109.51175,31.2
1987,AZDEQ_SW-410,34.8513889,-112.0661111,21.0
1988,AZDEQ_SW-410,34.8513889,-112.0661111,100.0
1989,AZDEQ_SW-410,34.8513889,-112.0661111,14.0
1990,AZDEQ_SW-410,34.8513889,-112.0661111,10.0
1991,AZDEQ_SW-410,34.8513889,-112.0661111,23.0
1992,AZDEQ_SW-410,34.8513889,-112.0661111,8.0
1993,AZDEQ_SW-410,34.8513889,-112.0661111,24.0
1994,AZDEQ_SW-410,34.8513889,-112.0661111,2.0
1995,AZDEQ_SW-410,34.8513889,-112.0661111,3.0
1996,AZDEQ_SW-410,34.8513889,-112.0661111,9.0
1997,AZDEQ_SW-410,34.8513889,-112.0661111,2.8
1998,AZDEQ_SW-410,34.8513889,-112.0661111,1.7
1999,AZDEQ_SW-410,34.8513889,-112.0661111,2.0
2000,AZDEQ_SW-410,34.8513889,-112.0661111,3.0
2004,AZDEQ_SW-410,34.8513889,-112.0661111,1.9
2011,AZDEQ_SW-410,34.8513889,-112.0661111,0.97
2014,AZDEQ_SW-410,34.8513889,-112.0661111,5.2
2015,AZDEQ_SW-410,34.8513889,-112.0661111,1.0
2016,AZDEQ_SW-410,34.8513889,-112.0661111,4.5
2017,AZDEQ_SW-410,34.8513889,-112.0661111,1.4
1987,AZDEQ_SW-412,34.0730556,-111.7163889,30.0
1988,AZDEQ_SW-412,34.0730556,-111.7163889,70.0
1989,AZDEQ_SW-412,34.0730556,-111.7163889,8.0
1990,AZDEQ_SW-412,34.0730556,-111.7163889,21.0
1991,AZDEQ_SW-412,34.0730556,-111.7163889,13.0
1992,AZDEQ_SW-412,34.0730556,-111.7163889,57.0
1993,AZDEQ_SW-412,34.0730556,-111.7163889,16.0
1994,AZDEQ_SW-412,34.0730556,-111.7163889,2.0
1995,AZDEQ_SW-412,34.0730556,-111.7163889,7.0
1997,AZDEQ_SW-412,34.0730556,-111.7163889,4.6
1998,AZDEQ_SW-412,34.0730556,-111.7163889,2.7
1999,AZDEQ_SW-412,34.0730556,-111.7163889,4.0
2000,AZDEQ_SW-412,34.0730556,-111.7163889,3.0
2003,AZDEQ_SW-412,34.0730556,-111.7163889,4.0
2004,AZDEQ_SW-412,34.0730556,-111.7163889,6.5
2010,AZDEQ_SW-412,34.0730556,-111.7163889,0.62
2011,AZDEQ_SW-412,34.0730556,-111.7163889,1.9
2015,AZDEQ_SW-412,34.0730556,-111.7163889,3.1
2016,AZDEQ_SW-412,34.0730556,-111.7163889,12.3
2003,AZDEQ_SW-413,33.80825,-111.6636111,2.0
2004,AZDEQ_SW-413,33.80825,-111.6636111,0.9
2010,AZDEQ_SW-413,33.80825,-111.6636111,1.8
2011,AZDEQ_SW-413,33.80825,-111.6636111,3.0
2015,AZDEQ_SW-413,33.80825,-111.6636111,2.1
2016,AZDEQ_SW-413,33.80825,-111.6636111,1.1
2017,AZDEQ_SW-413,33.80825,-111.6636111,1.7
1987,AZDEQ_SW-414,36.8647222,-111.5883333,42.0
1988,AZDEQ_SW-414,36.8647222,-111.5883333,32.0
1989,AZDEQ_SW-414,36.8647222,-111.5883333,110.0
1990,AZDEQ_SW-414,36.8647222,-111.5883333,19.0
1991,AZDEQ_SW-414,36.8647222,-111.5883333,5.0
1992,AZDEQ_SW-414,36.8647222,-111.5883333,4.0
1993,AZDEQ_SW-414,36.8647222,-111.5883333,2.0
1994,AZDEQ_SW-414,36.8647222,-111.5883333,2.0
1995,AZDEQ_SW-414,36.8647222,-111.5883333,2.0
1996,AZDEQ_SW-414,36.8647222,-111.5883333,3.0
1997,AZDEQ_SW-414,36.8647222,-111.5883333,6.7
1998,AZDEQ_SW-414,36.8647222,-111.5883333,2.1
1999,AZDEQ_SW-414,36.8647222,-111.5883333,2.0
2000,AZDEQ_SW-414,36.8647222,-111.5883333,2.0
2004,AZDEQ_SW-414,36.8647222,-111.5883333,3.0
2010,AZDEQ_SW-414,36.8647222,-111.5883333,0.71
2011,AZDEQ_SW-414,36.8647222,-111.5883333,0.92
2015,AZDEQ_SW-414,36.8647222,-111.5883333,12.6
2016,AZDEQ_SW-414,36.8647222,-111.5883333,10.0
1974,AZDEQ_SW-415,32.7186111,-114.7188889,20.0
1973,AZDEQ_SW-415,32.7186111,-114.7188889,4.0
1975,AZDEQ_SW-415,32.7186111,-114.7188889,280.0
1976,AZDEQ_SW-415,32.7186111,-114.7188889,9.0
1977,AZDEQ_SW-415,32.7186111,-114.7188889,7.0
1978,AZDEQ_SW-415,32.7186111,-114.7188889,10.0
1979,AZDEQ_SW-415,32.7186111,-114.7188889,16.0
1984,AZDEQ_SW-415,32.7186111,-114.7188889,19.0
1985,AZDEQ_SW-415,32.7186111,-114.7188889,60.0
1986,AZDEQ_SW-415,32.7186111,-114.7188889,20.0
1987,AZDEQ_SW-415,32.7186111,-114.7188889,17.0
1988,AZDEQ_SW-415,32.7186111,-114.7188889,12.0
1989,AZDEQ_SW-415,32.7186111,-114.7188889,8.0
1990,AZDEQ_SW-415,32.7186111,-114.7188889,16.0
1991,AZDEQ_SW-415,32.7186111,-114.7188889,13.0
1992,AZDEQ_SW-415,32.7186111,-114.7188889,55.0
1993,AZDEQ_SW-415,32.7186111,-114.7188889,180.0
1994,AZDEQ_SW-415,32.7186111,-114.7188889,5.0
1995,AZDEQ_SW-415,32.7186111,-114.7188889,7.0
1996,AZDEQ_SW-415,32.7186111,-114.7188889,2.0
1997,AZDEQ_SW-415,32.7186111,-114.7188889,14.6
1998,AZDEQ_SW-415,32.7186111,-114.7188889,2.2
1999,AZDEQ_SW-415,32.7186111,-114.7188889,4.0
2000,AZDEQ_SW-415,32.7186111,-114.7188889,3.0
2001,AZDEQ_SW-415,32.7186111,-114.7188889,2.9
2002,AZDEQ_SW-415,32.7186111,-114.7188889,1.9
2003,AZDEQ_SW-415,32.7186111,-114.7188889,2.0
2004,AZDEQ_SW-415,32.7186111,-114.7188889,3.5
2011,AZDEQ_SW-415,32.7186111,-114.7188889,0.75
2016,AZDEQ_SW-415,32.7186111,-114.7188889,0.8
2017,AZDEQ_SW-415,32.7186111,-114.7188889,1.1
1987,AZDEQ_SW-416,33.6194444,-110.9213889,10.0
1988,AZDEQ_SW-416,33.6194444,-110.9213889,23.0
1989,AZDEQ_SW-416,33.6194444,-110.9213889,8.0
1990,AZDEQ_SW-416,33.6194444,-110.9213889,47.0
1991,AZDEQ_SW-416,33.6194444,-110.9213889,17.0
1992,AZDEQ_SW-416,33.6194444,-110.9213889,13.0
1993,AZDEQ_SW-416,33.6194444,-110.9213889,450.0
1994,AZDEQ_SW-416,33.6194444,-110.9213889,11.0
1995,AZDEQ_SW-416,33.6194444,-110.9213889,26.0
1997,AZDEQ_SW-416,33.6194444,-110.9213889,17.1
1998,AZDEQ_SW-416,33.6194444,-110.9213889,3.8
1999,AZDEQ_SW-416,33.6194444,-110.9213889,9.0
2000,AZDEQ_SW-416,33.6194444,-110.9213889,2.0
2001,AZDEQ_SW-416,33.6194444,-110.9213889,5.0
2002,AZDEQ_SW-416,33.6194444,-110.9213889,375.0
2003,AZDEQ_SW-416,33.6194444,-110.9213889,294.0
2004,AZDEQ_SW-416,33.6194444,-110.9213889,10.3
2011,AZDEQ_SW-416,33.6194444,-110.9213889,0.95
2014,AZDEQ_SW-416,33.6194444,-110.9213889,6.4
2015,AZDEQ_SW-416,33.6194444,-110.9213889,11.8
2016,AZDEQ_SW-416,33.6194444,-110.9213889,7.7
2017,AZDEQ_SW-416,33.6194444,-110.9213889,3.6
2004,AZDEQ_SW-1009,33.5527778,-111.5763889,1.4
2010,AZDEQ_SW-1009,33.5527778,-111.5763889,0.85
2011,AZDEQ_SW-1009,33.5527778,-111.5763889,1.7
2014,AZDEQ_SW-1009,33.5527778,-111.5763889,2.2
2015,AZDEQ_SW-1009,33.5527778,-111.5763889,0.86
2016,AZDEQ_SW-1009,33.5527778,-111.5763889,1.3
2017,AZDEQ_SW-1009,33.5527778,-111.5763889,0.81
1987,AZDEQ_SW-138,32.3537111,-111.09685,39.0
1988,AZDEQ_SW-138,32.3537111,-111.09685,41.0
1989,AZDEQ_SW-138,32.3537111,-111.09685,40.0
1990,AZDEQ_SW-138,32.3537111,-111.09685,34.0
1991,AZDEQ_SW-138,32.3537111,-111.09685,63.0
1992,AZDEQ_SW-138,32.3537111,-111.09685,34.0
1993,AZDEQ_SW-138,32.3537111,-111.09685,34.0
2011,AZDEQ_SW-138,32.3537111,-111.09685,15.0
2016,AZDEQ_SW-138,32.3537111,-111.09685,3.4
2017,AZDEQ_SW-138,32.3537111,-111.09685,4.1000000000000005
2018,AZDEQ_SW-138,32.3537111,-111.09685,2.2
1993,AZDEQ_SW-146,31.5611111,-111.0461111,70.0
2008,AZDEQ_SW-146,31.5611111,-111.0461111,69.0
2009,AZDEQ_SW-146,31.5611111,-111.0461111,15.0
2010,AZDEQ_SW-146,31.5611111,-111.0461111,10.0
2011,AZDEQ_SW-146,31.5611111,-111.0461111,12.0
2013,AZDEQ_SW-146,31.5611111,-111.0461111,3.2
2014,AZDEQ_SW-146,31.5611111,-111.0461111,20.0
2016,AZDEQ_SW-146,31.5611111,-111.0461111,7.0
2017,AZDEQ_SW-146,31.5611111,-111.0461111,25.0
2018,AZDEQ_SW-146,31.5611111,-111.0461111,3.3
1987,AZDEQ_SW-977,33.5506111,-110.9906667,15.0
1988,AZDEQ_SW-977,33.5506111,-110.9906667,44.0
1990,AZDEQ_SW-977,33.5506111,-110.9906667,79.0
1991,AZDEQ_SW-977,33.5506111,-110.9906667,13.0
1992,AZDEQ_SW-977,33.5506111,-110.9906667,25.0
1993,AZDEQ_SW-977,33.5506111,-110.9906667,38.0
1995,AZDEQ_SW-977,33.5506111,-110.9906667,14.0
1997,AZDEQ_SW-977,33.5506111,-110.9906667,12.0
2000,AZDEQ_SW-977,33.5506111,-110.9906667,24.0
2003,AZDEQ_SW-977,33.5506111,-110.9906667,1.8
2004,AZDEQ_SW-977,33.5506111,-110.9906667,2.29
2005,AZDEQ_SW-977,33.5506111,-110.9906667,3.75
2016,AZDEQ_SW-977,33.5506111,-110.9906667,2.9
1990,AZDEQ_SW-264,33.9379444,-112.6996944,19.0
1991,AZDEQ_SW-264,33.9379444,-112.6996944,460.0
2008,AZDEQ_SW-264,33.9379444,-112.6996944,1.0
2009,AZDEQ_SW-264,33.9379444,-112.6996944,1.0
2011,AZDEQ_SW-264,33.9379444,-112.6996944,43.0
2018,AZDEQ_SW-264,33.9379444,-112.6996944,1.2
2020,AZDEQ_SW-264,33.9379444,-112.6996944,1.9
1987,AZDEQ_SW-974,33.99375,-109.4651389,26.0
1988,AZDEQ_SW-974,33.99375,-109.4651389,40.0
1994,AZDEQ_SW-974,33.99375,-109.4651389,10.0
1995,AZDEQ_SW-974,33.99375,-109.4651389,16.0
2002,AZDEQ_SW-974,33.99375,-109.4651389,13.0
2004,AZDEQ_SW-974,33.99375,-109.4651389,22.0
2005,AZDEQ_SW-974,33.99375,-109.4651389,11.0
2007,AZDEQ_SW-974,33.99375,-109.4651389,0.465
2009,AZDEQ_SW-974,33.99375,-109.4651389,2.5
2017,AZDEQ_SW-974,33.99375,-109.4651389,0.65
1993,AZDEQ_SW-1157,34.2977778,-114.1388889,14.0
1994,AZDEQ_SW-1157,34.2977778,-114.1388889,14.0
1995,AZDEQ_SW-1157,34.2977778,-114.1388889,13.0
1997,AZDEQ_SW-1157,34.2977778,-114.1388889,29.0
2016,AZDEQ_SW-1157,34.2977778,-114.1388889,0.82
2017,AZDEQ_SW-1157,34.2977778,-114.1388889,0.9700000000000001
2018,AZDEQ_SW-1157,34.2977778,-114.1388889,1.7
2019,AZDEQ_SW-1157,34.2977778,-114.1388889,6.1000000000000005
2013,AZDEQ_SW-2440,34.4535,-112.3064722,2300.0
2014,AZDEQ_SW-2440,34.4535,-112.3064722,2530.0
2015,AZDEQ_SW-2440,34.4535,-112.3064722,4.6
2016,AZDEQ_SW-2440,34.4535,-112.3064722,10.6
2017,AZDEQ_SW-2440,34.4535,-112.3064722,5.8
2018,AZDEQ_SW-2440,34.4535,-112.3064722,3800.0
2019,AZDEQ_SW-2440,34.4535,-112.3064722,70.0
2020,AZDEQ_SW-2440,34.4535,-112.3064722,4.1000000000000005
1992,AZDEQ_SW-272,33.122,-110.9762222,510.0
1993,AZDEQ_SW-272,33.122,-110.9762222,820.0
2000,AZDEQ_SW-272,33.122,-110.9762222,220.0
2001,AZDEQ_SW-272,33.122,-110.9762222,40.0
2002,AZDEQ_SW-272,33.122,-110.9762222,37.0
2003,AZDEQ_SW-272,33.122,-110.9762222,17.0
2004,AZDEQ_SW-272,33.122,-110.9762222,27.0
2005,AZDEQ_SW-272,33.122,-110.9762222,38.0
2006,AZDEQ_SW-272,33.122,-110.9762222,11.0
2007,AZDEQ_SW-272,33.122,-110.9762222,23.0
2008,AZDEQ_SW-272,33.122,-110.9762222,108.0
2009,AZDEQ_SW-272,33.122,-110.9762222,15.0
2010,AZDEQ_SW-272,33.122,-110.9762222,35.0
2011,AZDEQ_SW-272,33.122,-110.9762222,56.0
2012,AZDEQ_SW-272,33.122,-110.9762222,81.0
2013,AZDEQ_SW-272,33.122,-110.9762222,66.0
2014,AZDEQ_SW-272,33.122,-110.9762222,65.0
2000,AZDEQ_SW-565,33.3563056,-110.9488364,920.0
2001,AZDEQ_SW-565,33.3563056,-110.9488364,260.0
2003,AZDEQ_SW-565,33.3563056,-110.9488364,5700.0
2004,AZDEQ_SW-565,33.3563056,-110.9488364,1700.0
2005,AZDEQ_SW-565,33.3563056,-110.9488364,990.0
2007,AZDEQ_SW-565,33.3563056,-110.9488364,2000.0
2008,AZDEQ_SW-565,33.3563056,-110.9488364,320.0
2014,AZDEQ_SW-565,33.3563056,-110.9488364,11000.0
2015,AZDEQ_SW-565,33.3563056,-110.9488364,536.0
2016,AZDEQ_SW-565,33.3563056,-110.9488364,1780.0
2017,AZDEQ_SW-565,33.3563056,-110.9488364,1100.0
2018,AZDEQ_SW-565,33.3563056,-110.9488364,840.0
2019,AZDEQ_SW-565,33.3563056,-110.9488364,270.0
2000,AZDEQ_SW-1542,33.1519444,-110.9769444,150.0
2001,AZDEQ_SW-1542,33.1519444,-110.9769444,78.0
2002,AZDEQ_SW-1542,33.1519444,-110.9769444,41.0
2003,AZDEQ_SW-1542,33.1519444,-110.9769444,25.0
2004,AZDEQ_SW-1542,33.1519444,-110.9769444,72.0
2005,AZDEQ_SW-1542,33.1519444,-110.9769444,30.0
2006,AZDEQ_SW-1542,33.1519444,-110.9769444,9.2
2007,AZDEQ_SW-1542,33.1519444,-110.9769444,33.0
2009,AZDEQ_SW-1542,33.1519444,-110.9769444,37.0
2010,AZDEQ_SW-1542,33.1519444,-110.9769444,220.0
2011,AZDEQ_SW-1542,33.1519444,-110.9769444,150.0
2012,AZDEQ_SW-1542,33.1519444,-110.9769444,240.0
2013,AZDEQ_SW-1542,33.1519444,-110.9769444,130.0
2014,AZDEQ_SW-1542,33.1519444,-110.9769444,100.0
2000,AZDEQ_SW-1543,33.1380556,-110.9755556,540.0
2001,AZDEQ_SW-1543,33.1380556,-110.9755556,46.0
2002,AZDEQ_SW-1543,33.1380556,-110.9755556,71.0
2003,AZDEQ_SW-1543,33.1380556,-110.9755556,37.0
2004,AZDEQ_SW-1543,33.1380556,-110.9755556,50.0
2005,AZDEQ_SW-1543,33.1380556,-110.9755556,47.0
2006,AZDEQ_SW-1543,33.1380556,-110.9755556,29.0
2007,AZDEQ_SW-1543,33.1380556,-110.9755556,43.0
2008,AZDEQ_SW-1543,33.1380556,-110.9755556,128.0
2009,AZDEQ_SW-1543,33.1380556,-110.9755556,19.0
2010,AZDEQ_SW-1543,33.1380556,-110.9755556,59.0
2011,AZDEQ_SW-1543,33.1380556,-110.9755556,58.0
2012,AZDEQ_SW-1543,33.1380556,-110.9755556,82.0
2013,AZDEQ_SW-1543,33.1380556,-110.9755556,63.0
2014,AZDEQ_SW-1543,33.1380556,-110.9755556,62.0
2000,AZDEQ_SW-571,33.3464725,-110.9451139,5900.0
2001,AZDEQ_SW-571,33.3464725,-110.9451139,6200.0
2003,AZDEQ_SW-571,33.3464725,-110.9451139,14000.0
2004,AZDEQ_SW-571,33.3464725,-110.9451139,5100.0
2007,AZDEQ_SW-571,33.3464725,-110.9451139,6400.0
2008,AZDEQ_SW-571,33.3464725,-110.9451139,4900.0
2014,AZDEQ_SW-571,33.3464725,-110.9451139,6100.0
2015,AZDEQ_SW-571,33.3464725,-110.9451139,2470.0
2016,AZDEQ_SW-571,33.3464725,-110.9451139,4910.0
2017,AZDEQ_SW-571,33.3464725,-110.9451139,1200.0
2018,AZDEQ_SW-571,33.3464725,-110.9451139,8400.0
2019,AZDEQ_SW-571,33.3464725,-110.9451139,1500.0
2020,AZDEQ_SW-571,33.3464725,-110.9451139,860.0
1987,AZDEQ_SW-158,32.0191667,-110.6455556,10.0
1988,AZDEQ_SW-158,32.0191667,-110.6455556,18.0
1989,AZDEQ_SW-158,32.0191667,-110.6455556,28.0
1992,AZDEQ_SW-158,32.0191667,-110.6455556,11.0
1993,AZDEQ_SW-158,32.0191667,-110.6455556,7.0
1994,AZDEQ_SW-158,32.0191667,-110.6455556,10.0
2016,AZDEQ_SW-158,32.0191667,-110.6455556,260.0
2017,AZDEQ_SW-158,32.0191667,-110.6455556,1.2
2018,AZDEQ_SW-158,32.0191667,-110.6455556,0.7200000000000001
1987,AZDEQ_SW-129,31.4414911,-109.8254953,123.0
1988,AZDEQ_SW-129,31.4414911,-109.8254953,123.0
1989,AZDEQ_SW-129,31.4414911,-109.8254953,19.0
1991,AZDEQ_SW-129,31.4414911,-109.8254953,195.0
1993,AZDEQ_SW-129,31.4414911,-109.8254953,4200.0
1998,AZDEQ_SW-129,31.4414911,-109.8254953,156.0
1999,AZDEQ_SW-129,31.4414911,-109.8254953,44.0
2000,AZDEQ_SW-129,31.4414911,-109.8254953,12000.0
2002,AZDEQ_SW-129,31.4414911,-109.8254953,95.0
2003,AZDEQ_SW-129,31.4414911,-109.8254953,15000.0
2007,AZDEQ_SW-129,31.4414911,-109.8254953,2800.0
2016,AZDEQ_SW-129,31.4414911,-109.8254953,550.0
2020,AZDEQ_SW-129,31.4414911,-109.8254953,30.0
1987,AZDEQ_SW-167,31.38,-110.1108333,150.0
1988,AZDEQ_SW-167,31.38,-110.1108333,184.0
1989,AZDEQ_SW-167,31.38,-110.1108333,27.0
1991,AZDEQ_SW-167,31.38,-110.1108333,97.0
1992,AZDEQ_SW-167,31.38,-110.1108333,55.0
1993,AZDEQ_SW-167,31.38,-110.1108333,195.0
1994,AZDEQ_SW-167,31.38,-110.1108333,140.0
1995,AZDEQ_SW-167,31.38,-110.1108333,20.0
1996,AZDEQ_SW-167,31.38,-110.1108333,22.0
1997,AZDEQ_SW-167,31.38,-110.1108333,22.0
1998,AZDEQ_SW-167,31.38,-110.1108333,23.0
1999,AZDEQ_SW-167,31.38,-110.1108333,73.0
2000,AZDEQ_SW-167,31.38,-110.1108333,32.0
2001,AZDEQ_SW-167,31.38,-110.1108333,1200.0
2004,AZDEQ_SW-167,31.38,-110.1108333,15.0
2005,AZDEQ_SW-167,31.38,-110.1108333,1.87
2006,AZDEQ_SW-167,31.38,-110.1108333,17400.0
2014,AZDEQ_SW-167,31.38,-110.1108333,100.0
2016,AZDEQ_SW-167,31.38,-110.1108333,16.0
2017,AZDEQ_SW-167,31.38,-110.1108333,35.0
1987,AZDEQ_SW-168,31.9055556,-110.2461111,970.0
1988,AZDEQ_SW-168,31.9055556,-110.2461111,947.0
1989,AZDEQ_SW-168,31.9055556,-110.2461111,25.0
1990,AZDEQ_SW-168,31.9055556,-110.2461111,770.0
1991,AZDEQ_SW-168,31.9055556,-110.2461111,393.0
1992,AZDEQ_SW-168,31.9055556,-110.2461111,101.0
1993,AZDEQ_SW-168,31.9055556,-110.2461111,31.0
1994,AZDEQ_SW-168,31.9055556,-110.2461111,12.0
1995,AZDEQ_SW-168,31.9055556,-110.2461111,100.0
2006,AZDEQ_SW-168,31.9055556,-110.2461111,430.0
2015,AZDEQ_SW-168,31.9055556,-110.2461111,7.8
2016,AZDEQ_SW-168,31.9055556,-110.2461111,320.0
1991,AZDEQ_SW-177,31.7253056,-110.1946389,547.0
1992,AZDEQ_SW-177,31.7253056,-110.1946389,77.0
2006,AZDEQ_SW-177,31.7253056,-110.1946389,350.0
2014,AZDEQ_SW-177,31.7253056,-110.1946389,160.0
2015,AZDEQ_SW-177,31.7253056,-110.1946389,13.0
2016,AZDEQ_SW-177,31.7253056,-110.1946389,87.0
1991,AZDEQ_SW-178,31.5496944,-110.1367222,886.0
1992,AZDEQ_SW-178,31.5496944,-110.1367222,64.0
1993,AZDEQ_SW-178,31.5496944,-110.1367222,12.0
2015,AZDEQ_SW-178,31.5496944,-110.1367222,5.4
2016,AZDEQ_SW-178,31.5496944,-110.1367222,13.0
2017,AZDEQ_SW-178,31.5496944,-110.1367222,16.0
2018,AZDEQ_SW-178,31.5496944,-110.1367222,32.0
1987,AZDEQ_SW-180,31.6252778,-110.1741667,24.0
1988,AZDEQ_SW-180,31.6252778,-110.1741667,3700.0
1989,AZDEQ_SW-180,31.6252778,-110.1741667,13.0
1990,AZDEQ_SW-180,31.6252778,-110.1741667,13.0
1991,AZDEQ_SW-180,31.6252778,-110.1741667,21.0
1992,AZDEQ_SW-180,31.6252778,-110.1741667,280.0
1993,AZDEQ_SW-180,31.6252778,-110.1741667,1200.0
1994,AZDEQ_SW-180,31.6252778,-110.1741667,51.0
1995,AZDEQ_SW-180,31.6252778,-110.1741667,82.0
2006,AZDEQ_SW-180,31.6252778,-110.1741667,3790.0
2015,AZDEQ_SW-180,31.6252778,-110.1741667,5.2
2016,AZDEQ_SW-180,31.6252778,-110.1741667,66.0
2017,AZDEQ_SW-180,31.6252778,-110.1741667,12.0
2018,AZDEQ_SW-180,31.6252778,-110.1741667,6.6
1991,AZDEQ_SW-194,34.1517778,-109.2945278,18.0
1992,AZDEQ_SW-194,34.1517778,-109.2945278,14.0
2004,AZDEQ_SW-194,34.1517778,-109.2945278,1.3
2005,AZDEQ_SW-194,34.1517778,-109.2945278,0.51
2006,AZDEQ_SW-194,34.1517778,-109.2945278,0.468
2007,AZDEQ_SW-194,34.1517778,-109.2945278,0.78
1994,AZDEQ_SW-196,34.7823889,-110.0438611,17.0
1996,AZDEQ_SW-196,34.7823889,-110.0438611,170.0
1999,AZDEQ_SW-196,34.7823889,-110.0438611,13.0
2000,AZDEQ_SW-196,34.7823889,-110.0438611,220.0
2001,AZDEQ_SW-196,34.7823889,-110.0438611,90.0
2003,AZDEQ_SW-196,34.7823889,-110.0438611,17.0
2004,AZDEQ_SW-196,34.7823889,-110.0438611,2.57
2005,AZDEQ_SW-196,34.7823889,-110.0438611,1.14
2006,AZDEQ_SW-196,34.7823889,-110.0438611,0.932
2007,AZDEQ_SW-196,34.7823889,-110.0438611,10556.0
2008,AZDEQ_SW-196,34.7823889,-110.0438611,389.0
2009,AZDEQ_SW-196,34.7823889,-110.0438611,1100.0
1989,AZDEQ_SW-230,33.0079167,-109.3156944,233.0
1993,AZDEQ_SW-230,33.0079167,-109.3156944,47.0
1994,AZDEQ_SW-230,33.0079167,-109.3156944,39.0
1995,AZDEQ_SW-230,33.0079167,-109.3156944,26.0
1996,AZDEQ_SW-230,33.0079167,-109.3156944,170.0
1997,AZDEQ_SW-230,33.0079167,-109.3156944,183.0
1998,AZDEQ_SW-230,33.0079167,-109.3156944,19.0
1999,AZDEQ_SW-230,33.0079167,-109.3156944,51.0
2000,AZDEQ_SW-230,33.0079167,-109.3156944,170.0
2001,AZDEQ_SW-230,33.0079167,-109.3156944,6.3
2002,AZDEQ_SW-230,33.0079167,-109.3156944,130.0
2003,AZDEQ_SW-230,33.0079167,-109.3156944,12.0
2004,AZDEQ_SW-230,33.0079167,-109.3156944,57.0
2005,AZDEQ_SW-230,33.0079167,-109.3156944,3.5
2006,AZDEQ_SW-230,33.0079167,-109.3156944,1.78
2007,AZDEQ_SW-230,33.0079167,-109.3156944,53.0
2014,AZDEQ_SW-230,33.0079167,-109.3156944,12.7
2015,AZDEQ_SW-230,33.0079167,-109.3156944,12.4
2018,AZDEQ_SW-230,33.0079167,-109.3156944,3.0
1989,AZDEQ_SW-234,33.2921667,-109.1953056,49.0
1994,AZDEQ_SW-234,33.2921667,-109.1953056,938.0
1995,AZDEQ_SW-234,33.2921667,-109.1953056,35.0
2003,AZDEQ_SW-234,33.2921667,-109.1953056,0.659
2005,AZDEQ_SW-234,33.2921667,-109.1953056,12.0
2006,AZDEQ_SW-234,33.2921667,-109.1953056,0.401
2011,AZDEQ_SW-234,33.2921667,-109.1953056,49.0
2017,AZDEQ_SW-234,33.2921667,-109.1953056,0.68
2018,AZDEQ_SW-234,33.2921667,-109.1953056,0.75
2020,AZDEQ_SW-234,33.2921667,-109.1953056,1.4
1990,AZDEQ_SW-260,32.7608889,-114.4205,4.0
1991,AZDEQ_SW-260,32.7608889,-114.4205,31.0
1992,AZDEQ_SW-260,32.7608889,-114.4205,42.0
1993,AZDEQ_SW-260,32.7608889,-114.4205,80.0
1994,AZDEQ_SW-260,32.7608889,-114.4205,3.0
1995,AZDEQ_SW-260,32.7608889,-114.4205,15.0
1997,AZDEQ_SW-260,32.7608889,-114.4205,20.0
2003,AZDEQ_SW-260,32.7608889,-114.4205,1.4
2004,AZDEQ_SW-260,32.7608889,-114.4205,1.56
2005,AZDEQ_SW-260,32.7608889,-114.4205,23.0
2012,AZDEQ_SW-260,32.7608889,-114.4205,5.2
1990,AZDEQ_SW-273,34.2992778,-111.3583889,20.0
1991,AZDEQ_SW-273,34.2992778,-111.3583889,11.0
1999,AZDEQ_SW-273,34.2992778,-111.3583889,18.0
2003,AZDEQ_SW-273,34.2992778,-111.3583889,0.32
2004,AZDEQ_SW-273,34.2992778,-111.3583889,3.01
2005,AZDEQ_SW-273,34.2992778,-111.3583889,0.735
1988,AZDEQ_SW-283,34.8952228,-112.2054456,20.0
1989,AZDEQ_SW-283,34.8952228,-112.2054456,57.0
1990,AZDEQ_SW-283,34.8952228,-112.2054456,58.0
1992,AZDEQ_SW-283,34.8952228,-112.2054456,47.0
1993,AZDEQ_SW-283,34.8952228,-112.2054456,11.0
2004,AZDEQ_SW-283,34.8952228,-112.2054456,12.0
2005,AZDEQ_SW-283,34.8952228,-112.2054456,0.612
2017,AZDEQ_SW-283,34.8952228,-112.2054456,76.0
2018,AZDEQ_SW-283,34.8952228,-112.2054456,0.53
2019,AZDEQ_SW-283,34.8952228,-112.2054456,3.0
2020,AZDEQ_SW-283,34.8952228,-112.2054456,1.6
1987,AZDEQ_SW-295,31.4415,-109.9189722,340.0
1988,AZDEQ_SW-295,31.4415,-109.9189722,40.0
1989,AZDEQ_SW-295,31.4415,-109.9189722,14.0
1991,AZDEQ_SW-295,31.4415,-109.9189722,24.0
2000,AZDEQ_SW-295,31.4415,-109.9189722,16.0
2007,AZDEQ_SW-295,31.4415,-109.9189722,50.0
2016,AZDEQ_SW-295,31.4415,-109.9189722,26.0
2019,AZDEQ_SW-295,31.4415,-109.9189722,160.0
2020,AZDEQ_SW-295,31.4415,-109.9189722,8.6
1997,AZDEQ_SW-395,33.1322222,-109.2833333,31.0
1999,AZDEQ_SW-395,33.1322222,-109.2833333,21.0
2000,AZDEQ_SW-395,33.1322222,-109.2833333,14.0
2002,AZDEQ_SW-395,33.1322222,-109.2833333,24.0
2004,AZDEQ_SW-395,33.1322222,-109.2833333,18.0
2005,AZDEQ_SW-395,33.1322222,-109.2833333,1.4
2006,AZDEQ_SW-395,33.1322222,-109.2833333,0.978
2008,AZDEQ_SW-395,33.1322222,-109.2833333,11.0
2009,AZDEQ_SW-395,33.1322222,-109.2833333,0.74
2011,AZDEQ_SW-395,33.1322222,-109.2833333,31.0
1987,AZDEQ_SW-409,33.2291667,-112.7675,45.0
1988,AZDEQ_SW-409,33.2291667,-112.7675,14.0
1989,AZDEQ_SW-409,33.2291667,-112.7675,17.0
1990,AZDEQ_SW-409,33.2291667,-112.7675,88.0
1991,AZDEQ_SW-409,33.2291667,-112.7675,23.0
1992,AZDEQ_SW-409,33.2291667,-112.7675,89.0
1993,AZDEQ_SW-409,33.2291667,-112.7675,550.0
1994,AZDEQ_SW-409,33.2291667,-112.7675,10.0
1995,AZDEQ_SW-409,33.2291667,-112.7675,60.0
1996,AZDEQ_SW-409,33.2291667,-112.7675,5.0
1997,AZDEQ_SW-409,33.2291667,-112.7675,28.1
1998,AZDEQ_SW-409,33.2291667,-112.7675,25.3
1999,AZDEQ_SW-409,33.2291667,-112.7675,7.0
2000,AZDEQ_SW-409,33.2291667,-112.7675,19.0
2001,AZDEQ_SW-409,33.2291667,-112.7675,5.0
2002,AZDEQ_SW-409,33.2291667,-112.7675,7.0
2003,AZDEQ_SW-409,33.2291667,-112.7675,11.0
2004,AZDEQ_SW-409,33.2291667,-112.7675,6.0
2012,AZDEQ_SW-409,33.2291667,-112.7675,22.0
2018,AZDEQ_SW-409,33.2291667,-112.7675,4.7
2019,AZDEQ_SW-409,33.2291667,-112.7675,3.9
1990,AZDEQ_SW-411,34.2763889,-111.6388889,3.0
1991,AZDEQ_SW-411,34.2763889,-111.6388889,7.0
1992,AZDEQ_SW-411,34.2763889,-111.6388889,4.0
1993,AZDEQ_SW-411,34.2763889,-111.6388889,1.0
1994,AZDEQ_SW-411,34.2763889,-111.6388889,2.0
1995,AZDEQ_SW-411,34.2763889,-111.6388889,2.0
1996,AZDEQ_SW-411,34.2763889,-111.6388889,1.0
1997,AZDEQ_SW-411,34.2763889,-111.6388889,2.8
1998,AZDEQ_SW-411,34.2763889,-111.6388889,3.3
1999,AZDEQ_SW-411,34.2763889,-111.6388889,1.0
2002,AZDEQ_SW-411,34.2763889,-111.6388889,4.0
2004,AZDEQ_SW-411,34.2763889,-111.6388889,4.1
2010,AZDEQ_SW-411,34.2763889,-111.6388889,4.4
2011,AZDEQ_SW-411,34.2763889,-111.6388889,0.5
2002,AZDEQ_SW-439,32.9650944,-109.3087667,260.0
2003,AZDEQ_SW-439,32.9650944,-109.3087667,98.0
2004,AZDEQ_SW-439,32.9650944,-109.3087667,170.0
2005,AZDEQ_SW-439,32.9650944,-109.3087667,17.0
2006,AZDEQ_SW-439,32.9650944,-109.3087667,0.67
2007,AZDEQ_SW-439,32.9650944,-109.3087667,120.0
1999,AZDEQ_SW-460,31.4802206,-110.7368017,1500.0
2008,AZDEQ_SW-460,31.4802206,-110.7368017,1500.0
2009,AZDEQ_SW-460,31.4802206,-110.7368017,2260.0
2010,AZDEQ_SW-460,31.4802206,-110.7368017,1350.0
2018,AZDEQ_SW-460,31.4802206,-110.7368017,770.0
2019,AZDEQ_SW-460,31.4802206,-110.7368017,830.0
2020,AZDEQ_SW-460,31.4802206,-110.7368017,1100.0
1999,AZDEQ_SW-471,31.4837511,-110.7377242,1900.0
2000,AZDEQ_SW-471,31.4837511,-110.7377242,2100.0
2008,AZDEQ_SW-471,31.4837511,-110.7377242,1360.0
2009,AZDEQ_SW-471,31.4837511,-110.7377242,947.0
2010,AZDEQ_SW-471,31.4837511,-110.7377242,673.0
2018,AZDEQ_SW-471,31.4837511,-110.7377242,740.0
2019,AZDEQ_SW-471,31.4837511,-110.7377242,750.0
2020,AZDEQ_SW-471,31.4837511,-110.7377242,1100.0
1987,AZDEQ_SW-481,34.8244444,-111.8063889,18.0
1988,AZDEQ_SW-481,34.8244444,-111.8063889,7.0
1989,AZDEQ_SW-481,34.8244444,-111.8063889,3.0
1990,AZDEQ_SW-481,34.8244444,-111.8063889,5.0
1991,AZDEQ_SW-481,34.8244444,-111.8063889,4.0
1992,AZDEQ_SW-481,34.8244444,-111.8063889,4.0
1993,AZDEQ_SW-481,34.8244444,-111.8063889,5.0
1994,AZDEQ_SW-481,34.8244444,-111.8063889,170.0
1995,AZDEQ_SW-481,34.8244444,-111.8063889,50.0
1999,AZDEQ_SW-481,34.8244444,-111.8063889,100.0
2003,AZDEQ_SW-481,34.8244444,-111.8063889,0.21
2005,AZDEQ_SW-481,34.8244444,-111.8063889,0.41
2000,AZDEQ_SW-562,33.3254453,-110.9238911,34.0
2001,AZDEQ_SW-562,33.3254453,-110.9238911,53.0
2003,AZDEQ_SW-562,33.3254453,-110.9238911,120.0
2004,AZDEQ_SW-562,33.3254453,-110.9238911,300.0
2017,AZDEQ_SW-562,33.3254453,-110.9238911,16.0
2018,AZDEQ_SW-562,33.3254453,-110.9238911,1700.0
2019,AZDEQ_SW-562,33.3254453,-110.9238911,850.0
2020,AZDEQ_SW-562,33.3254453,-110.9238911,28.0
2000,AZDEQ_SW-563,33.3468058,-110.9450861,55.0
2001,AZDEQ_SW-563,33.3468058,-110.9450861,24.0
2003,AZDEQ_SW-563,33.3468058,-110.9450861,260.0
2004,AZDEQ_SW-563,33.3468058,-110.9450861,0.092
2007,AZDEQ_SW-563,33.3468058,-110.9450861,170.0
2008,AZDEQ_SW-563,33.3468058,-110.9450861,65.0
2002,AZDEQ_SW-861,34.2736944,-112.2025,96.0
2003,AZDEQ_SW-861,34.2736944,-112.2025,42000.0
2006,AZDEQ_SW-861,34.2736944,-112.2025,39600.0
2007,AZDEQ_SW-861,34.2736944,-112.2025,20.0
2008,AZDEQ_SW-861,34.2736944,-112.2025,50.0
2009,AZDEQ_SW-861,34.2736944,-112.2025,5.0
2010,AZDEQ_SW-861,34.2736944,-112.2025,6.0
2012,AZDEQ_SW-861,34.2736944,-112.2025,51000.0
2014,AZDEQ_SW-861,34.2736944,-112.2025,40.0
2015,AZDEQ_SW-861,34.2736944,-112.2025,55.199999999999996
2016,AZDEQ_SW-861,34.2736944,-112.2025,8.9
2017,AZDEQ_SW-861,34.2736944,-112.2025,42.0
2019,AZDEQ_SW-861,34.2736944,-112.2025,38.0
1987,AZDEQ_SW-965,31.47,-110.9922222,55.0
1988,AZDEQ_SW-965,31.47,-110.9922222,46.0
1989,AZDEQ_SW-965,31.47,-110.9922222,30.0
1990,AZDEQ_SW-965,31.47,-110.9922222,60.0
1991,AZDEQ_SW-965,31.47,-110.9922222,11.0
1992,AZDEQ_SW-965,31.47,-110.9922222,16.0
1993,AZDEQ_SW-965,31.47,-110.9922222,19.0
2005,AZDEQ_SW-965,31.47,-110.9922222,6.19
2006,AZDEQ_SW-965,31.47,-110.9922222,16.0
2008,AZDEQ_SW-965,31.47,-110.9922222,21.0
2009,AZDEQ_SW-965,31.47,-110.9922222,16.8
2010,AZDEQ_SW-965,31.47,-110.9922222,19.599999999999998
2013,AZDEQ_SW-965,31.47,-110.9922222,13.0
2014,AZDEQ_SW-965,31.47,-110.9922222,10.0
2015,AZDEQ_SW-965,31.47,-110.9922222,40.0
2016,AZDEQ_SW-965,31.47,-110.9922222,30.0
2017,AZDEQ_SW-965,31.47,-110.9922222,19.0
1990,AZDEQ_SW-985,34.6634167,-113.5805,195.0
1991,AZDEQ_SW-985,34.6634167,-113.5805,5950.0
2001,AZDEQ_SW-985,34.6634167,-113.5805,26.0
2003,AZDEQ_SW-985,34.6634167,-113.5805,0.44
2004,AZDEQ_SW-985,34.6634167,-113.5805,0.56
2005,AZDEQ_SW-985,34.6634167,-113.5805,40.0
2000,AZDEQ_SW-1066,34.6327697,-113.2124647,16.0
2001,AZDEQ_SW-1066,34.6327697,-113.2124647,150.0
2015,AZDEQ_SW-1066,34.6327697,-113.2124647,12.7
2017,AZDEQ_SW-1066,34.6327697,-113.2124647,9.9
2018,AZDEQ_SW-1066,34.6327697,-113.2124647,4.1000000000000005
2019,AZDEQ_SW-1066,34.6327697,-113.2124647,3.9
2020,AZDEQ_SW-1066,34.6327697,-113.2124647,3.6
2016,AZDEQ_SW-1071,34.6141431,-113.2206147,4.8
2017,AZDEQ_SW-1071,34.6141431,-113.2206147,5.0
2018,AZDEQ_SW-1071,34.6141431,-113.2206147,3.6
2019,AZDEQ_SW-1071,34.6141431,-113.2206147,7.2
2020,AZDEQ_SW-1071,34.6141431,-113.2206147,3.9
2021,AZDEQ_SW-1071,34.6141431,-113.2206147,2.2
1999,AZDEQ_SW-1284,31.4400083,-109.9108297,51.0
2000,AZDEQ_SW-1284,31.4400083,-109.9108297,260.0
2002,AZDEQ_SW-1284,31.4400083,-109.9108297,600.0
2003,AZDEQ_SW-1284,31.4400083,-109.9108297,500.0
2007,AZDEQ_SW-1284,31.4400083,-109.9108297,12.0
2016,AZDEQ_SW-1284,31.4400083,-109.9108297,29.0
2018,AZDEQ_SW-1284,31.4400083,-109.9108297,15.0
2019,AZDEQ_SW-1284,31.4400083,-109.9108297,180.0
2020,AZDEQ_SW-1284,31.4400083,-109.9108297,34.0
2000,AZDEQ_SW-1285,31.431919,-109.893785,4000.0
2002,AZDEQ_SW-1285,31.431919,-109.893785,40000.0
2003,AZDEQ_SW-1285,31.431919,-109.893785,34000.0
2007,AZDEQ_SW-1285,31.431919,-109.893785,900.0
2016,AZDEQ_SW-1285,31.431919,-109.893785,4400.0
2017,AZDEQ_SW-1285,31.431919,-109.893785,4200.0
2018,AZDEQ_SW-1285,31.431919,-109.893785,3200.0
2019,AZDEQ_SW-1285,31.431919,-109.893785,3600.0
2020,AZDEQ_SW-1285,31.431919,-109.893785,4000.0
2000,AZDEQ_SW-1286,31.4292803,-109.8629056,10000.0
2002,AZDEQ_SW-1286,31.4292803,-109.8629056,86.0
2003,AZDEQ_SW-1286,31.4292803,-109.8629056,33000.0
2007,AZDEQ_SW-1286,31.4292803,-109.8629056,3800.0
2016,AZDEQ_SW-1286,31.4292803,-109.8629056,1500.0
2018,AZDEQ_SW-1286,31.4292803,-109.8629056,24.0
2019,AZDEQ_SW-1286,31.4292803,-109.8629056,3000.0
2020,AZDEQ_SW-1286,31.4292803,-109.8629056,1200.0
2004,AZDEQ_SW-1369,33.4265256,-111.0035608,49.0
2005,AZDEQ_SW-1369,33.4265256,-111.0035608,35.0
2007,AZDEQ_SW-1369,33.4265256,-111.0035608,10.0
2008,AZDEQ_SW-1369,33.4265256,-111.0035608,110.0
2010,AZDEQ_SW-1369,33.4265256,-111.0035608,36.0
2011,AZDEQ_SW-1369,33.4265256,-111.0035608,16.0
2012,AZDEQ_SW-1369,33.4265256,-111.0035608,30.0
2013,AZDEQ_SW-1369,33.4265256,-111.0035608,17.0
2004,AZDEQ_SW-1479,33.2927528,-111.0959456,82.0
2005,AZDEQ_SW-1479,33.2927528,-111.0959456,50.0
2006,AZDEQ_SW-1479,33.2927528,-111.0959456,940.0
2007,AZDEQ_SW-1479,33.2927528,-111.0959456,2300.0
2008,AZDEQ_SW-1479,33.2927528,-111.0959456,88.0
2009,AZDEQ_SW-1479,33.2927528,-111.0959456,23.0
2010,AZDEQ_SW-1479,33.2927528,-111.0959456,34.0
2011,AZDEQ_SW-1479,33.2927528,-111.0959456,144.0
2012,AZDEQ_SW-1479,33.2927528,-111.0959456,14.0
2008,AZDEQ_SW-695,33.8284236,-110.857095,0.55
2012,AZDEQ_SW-695,33.8284236,-110.857095,95.0
2017,AZDEQ_SW-695,33.8284236,-110.857095,0.79
2018,AZDEQ_SW-695,33.8284236,-110.857095,13.0
2019,AZDEQ_SW-695,33.8284236,-110.857095,0.7200000000000001
2020,AZDEQ_SW-695,33.8284236,-110.857095,1.4
1987,AZDEQ_SW-229,33.8320556,-109.1091667,29.0
1994,AZDEQ_SW-229,33.8320556,-109.1091667,13.0
1995,AZDEQ_SW-229,33.8320556,-109.1091667,12.0
1996,AZDEQ_SW-229,33.8320556,-109.1091667,12.0
2005,AZDEQ_SW-229,33.8320556,-109.1091667,1.66
2006,AZDEQ_SW-229,33.8320556,-109.1091667,1.02
2008,AZDEQ_SW-229,33.8320556,-109.1091667,1.2
2009,AZDEQ_SW-229,33.8320556,-109.1091667,2.9
1987,AZDEQ_SW-149,31.3416667,-110.9331389,34.0
1988,AZDEQ_SW-149,31.3416667,-110.9331389,45.0
1989,AZDEQ_SW-149,31.3416667,-110.9331389,26.0
1990,AZDEQ_SW-149,31.3416667,-110.9331389,20.0
1991,AZDEQ_SW-149,31.3416667,-110.9331389,55.0
1992,AZDEQ_SW-149,31.3416667,-110.9331389,13.0
1993,AZDEQ_SW-149,31.3416667,-110.9331389,21.0
1994,AZDEQ_SW-149,31.3416667,-110.9331389,204.0
1995,AZDEQ_SW-149,31.3416667,-110.9331389,32.0
1996,AZDEQ_SW-149,31.3416667,-110.9331389,11.0
1997,AZDEQ_SW-149,31.3416667,-110.9331389,13.0
1998,AZDEQ_SW-149,31.3416667,-110.9331389,68.0
1999,AZDEQ_SW-149,31.3416667,-110.9331389,14.0
2000,AZDEQ_SW-149,31.3416667,-110.9331389,130.0
2003,AZDEQ_SW-149,31.3416667,-110.9331389,72.0
2004,AZDEQ_SW-149,31.3416667,-110.9331389,11.0
2005,AZDEQ_SW-149,31.3416667,-110.9331389,14.4
2006,AZDEQ_SW-149,31.3416667,-110.9331389,1.63
2008,AZDEQ_SW-149,31.3416667,-110.9331389,23.0
2009,AZDEQ_SW-149,31.3416667,-110.9331389,13.4
2010,AZDEQ_SW-149,31.3416667,-110.9331389,24.5
2013,AZDEQ_SW-149,31.3416667,-110.9331389,81.0
1987,AZDEQ_SW-406,33.5730556,-110.9011111,730.0
1988,AZDEQ_SW-406,33.5730556,-110.9011111,190.0
1989,AZDEQ_SW-406,33.5730556,-110.9011111,120.0
1990,AZDEQ_SW-406,33.5730556,-110.9011111,200.0
1991,AZDEQ_SW-406,33.5730556,-110.9011111,50.0
1992,AZDEQ_SW-406,33.5730556,-110.9011111,160.0
1993,AZDEQ_SW-406,33.5730556,-110.9011111,16000.0
1994,AZDEQ_SW-406,33.5730556,-110.9011111,85.0
1995,AZDEQ_SW-406,33.5730556,-110.9011111,80.0
1996,AZDEQ_SW-406,33.5730556,-110.9011111,19.0
1997,AZDEQ_SW-406,33.5730556,-110.9011111,51.1
1998,AZDEQ_SW-406,33.5730556,-110.9011111,198.0
1999,AZDEQ_SW-406,33.5730556,-110.9011111,6.0
2000,AZDEQ_SW-406,33.5730556,-110.9011111,70.0
2001,AZDEQ_SW-406,33.5730556,-110.9011111,2.0
2002,AZDEQ_SW-406,33.5730556,-110.9011111,3.0
2003,AZDEQ_SW-406,33.5730556,-110.9011111,2.69
2004,AZDEQ_SW-406,33.5730556,-110.9011111,20.0
2005,AZDEQ_SW-406,33.5730556,-110.9011111,40.0
2006,AZDEQ_SW-406,33.5730556,-110.9011111,26.7
2008,AZDEQ_SW-406,33.5730556,-110.9011111,10.0
2009,AZDEQ_SW-406,33.5730556,-110.9011111,20.0
2010,AZDEQ_SW-406,33.5730556,-110.9011111,50.0
2012,AZDEQ_SW-406,33.5730556,-110.9011111,5.7
2013,AZDEQ_SW-406,33.5730556,-110.9011111,4.6
2000,AZDEQ_SW-786,33.5397222,-110.8744444,60.0
2001,AZDEQ_SW-786,33.5397222,-110.8744444,30.0
2002,AZDEQ_SW-786,33.5397222,-110.8744444,20.0
2004,AZDEQ_SW-786,33.5397222,-110.8744444,20.0
2005,AZDEQ_SW-786,33.5397222,-110.8744444,60.0
2006,AZDEQ_SW-786,33.5397222,-110.8744444,30.0
2008,AZDEQ_SW-786,33.5397222,-110.8744444,20.0
2009,AZDEQ_SW-786,33.5397222,-110.8744444,30.0
2010,AZDEQ_SW-786,33.5397222,-110.8744444,50.0
2011,AZDEQ_SW-786,33.5397222,-110.8744444,3.2
2000,AZDEQ_SW-810,33.5588889,-110.8880556,70.0
2001,AZDEQ_SW-810,33.5588889,-110.8880556,50.0
2002,AZDEQ_SW-810,33.5588889,-110.8880556,20.0
2003,AZDEQ_SW-810,33.5588889,-110.8880556,230.0
2004,AZDEQ_SW-810,33.5588889,-110.8880556,60.0
2005,AZDEQ_SW-810,33.5588889,-110.8880556,20.0
2006,AZDEQ_SW-810,33.5588889,-110.8880556,30.0
2008,AZDEQ_SW-810,33.5588889,-110.8880556,20.0
2009,AZDEQ_SW-810,33.5588889,-110.8880556,20.0
2010,AZDEQ_SW-810,33.5588889,-110.8880556,50.0
2012,AZDEQ_SW-810,33.5588889,-110.8880556,4.6
2013,AZDEQ_SW-810,33.5588889,-110.8880556,8.1
1988,AZDEQ_SW-992,34.4789722,-111.80025,32.0
1989,AZDEQ_SW-992,34.4789722,-111.80025,11.0
1990,AZDEQ_SW-992,34.4789722,-111.80025,14.0
1991,AZDEQ_SW-992,34.4789722,-111.80025,662.0
1999,AZDEQ_SW-992,34.4789722,-111.80025,23.0
2003,AZDEQ_SW-992,34.4789722,-111.80025,0.799
2004,AZDEQ_SW-992,34.4789722,-111.80025,0.8
2005,AZDEQ_SW-992,34.4789722,-111.80025,1.03
2018,AZDEQ_SW-992,34.4789722,-111.80025,3.6
2000,AZDEQ_SW-1540,33.2133333,-110.9994444,96.0
2001,AZDEQ_SW-1540,33.2133333,-110.9994444,29.0
2003,AZDEQ_SW-1540,33.2133333,-110.9994444,16.0
2004,AZDEQ_SW-1540,33.2133333,-110.9994444,25.0
2005,AZDEQ_SW-1540,33.2133333,-110.9994444,32.0
2006,AZDEQ_SW-1540,33.2133333,-110.9994444,5.8
2007,AZDEQ_SW-1540,33.2133333,-110.9994444,28.0
2008,AZDEQ_SW-1540,33.2133333,-110.9994444,132.0
2009,AZDEQ_SW-1540,33.2133333,-110.9994444,14.0
2010,AZDEQ_SW-1540,33.2133333,-110.9994444,16.0
2011,AZDEQ_SW-1540,33.2133333,-110.9994444,9.0
2012,AZDEQ_SW-1540,33.2133333,-110.9994444,10.0
2013,AZDEQ_SW-1540,33.2133333,-110.9994444,9.299999999999999
2014,AZDEQ_SW-1540,33.2133333,-110.9994444,8.200000000000001
2019,AZDEQ_SW-1540,33.2133333,-110.9994444,69.0
2020,AZDEQ_SW-1540,33.2133333,-110.9994444,14.0
2005,AZDEQ_SW-303,33.7388033,-109.0971569,0.363
2006,AZDEQ_SW-303,33.7388033,-109.0971569,0.352
2011,AZDEQ_SW-303,33.7388033,-109.0971569,17.0
2017,AZDEQ_SW-303,33.7388033,-109.0971569,0.68
2018,AZDEQ_SW-303,33.7388033,-109.0971569,1.1
2020,AZDEQ_SW-303,33.7388033,-109.0971569,0.7
1991,AZDEQ_SW-599,34.94675,-113.6166667,15.0
1992,AZDEQ_SW-599,34.94675,-113.6166667,16.0
2003,AZDEQ_SW-599,34.94675,-113.6166667,0.633
2004,AZDEQ_SW-599,34.94675,-113.6166667,0.42
2017,AZDEQ_SW-599,34.94675,-113.6166667,1.2
2018,AZDEQ_SW-599,34.94675,-113.6166667,0.54
1992,AZDEQ_SW-119,32.8955556,-110.5677778,16.0
2005,AZDEQ_SW-119,32.8955556,-110.5677778,1.32
2014,AZDEQ_SW-119,32.8955556,-110.5677778,10.4
2016,AZDEQ_SW-119,32.8955556,-110.5677778,2.8
2017,AZDEQ_SW-119,32.8955556,-110.5677778,0.93
2018,AZDEQ_SW-119,32.8955556,-110.5677778,0.83
1990,AZDEQ_SW-1056,34.0451667,-112.7101111,55.0
1991,AZDEQ_SW-1056,34.0451667,-112.7101111,34.0
1993,AZDEQ_SW-1056,34.0451667,-112.7101111,25.0
1999,AZDEQ_SW-1056,34.0451667,-112.7101111,610.0
2002,AZDEQ_SW-1056,34.0451667,-112.7101111,1.3
2003,AZDEQ_SW-1056,34.0451667,-112.7101111,11.0
2004,AZDEQ_SW-1056,34.0451667,-112.7101111,0.37
2005,AZDEQ_SW-1056,34.0451667,-112.7101111,1.71
2018,AZDEQ_SW-1056,34.0451667,-112.7101111,3.2
2019,AZDEQ_SW-1056,34.0451667,-112.7101111,1.0
1988,AZDEQ_SW-207,33.9811389,-111.3021944,35.0
1990,AZDEQ_SW-207,33.9811389,-111.3021944,32.0
1991,AZDEQ_SW-207,33.9811389,-111.3021944,38.0
1992,AZDEQ_SW-207,33.9811389,-111.3021944,42.0
1993,AZDEQ_SW-207,33.9811389,-111.3021944,11.0
1996,AZDEQ_SW-207,33.9811389,-111.3021944,50.0
1997,AZDEQ_SW-207,33.9811389,-111.3021944,12.0
2003,AZDEQ_SW-207,33.9811389,-111.3021944,17.0
2004,AZDEQ_SW-207,33.9811389,-111.3021944,0.5
2005,AZDEQ_SW-207,33.9811389,-111.3021944,1.02
2006,AZDEQ_SW-207,33.9811389,-111.3021944,0.418
1991,AZDEQ_SW-265,34.2333333,-112.546,39.0
1992,AZDEQ_SW-265,34.2333333,-112.546,28.0
1995,AZDEQ_SW-265,34.2333333,-112.546,14.0
1999,AZDEQ_SW-265,34.2333333,-112.546,1100.0
2003,AZDEQ_SW-265,34.2333333,-112.546,0.46
2004,AZDEQ_SW-265,34.2333333,-112.546,0.47
2005,AZDEQ_SW-265,34.2333333,-112.546,1.89
2003,AZDEQ_SW-1575,34.0856111,-111.7110833,10.0
2004,AZDEQ_SW-1575,34.0856111,-111.7110833,10.0
2005,AZDEQ_SW-1575,34.0856111,-111.7110833,101.0
2006,AZDEQ_SW-1575,34.0856111,-111.7110833,15.0
2008,AZDEQ_SW-1575,34.0856111,-111.7110833,11.0
2013,AZDEQ_SW-1575,34.0856111,-111.7110833,15.0
1987,AZDEQ_SW-139,31.3369444,-110.8498056,34.0
1988,AZDEQ_SW-139,31.3369444,-110.8498056,42.0
1989,AZDEQ_SW-139,31.3369444,-110.8498056,14.0
1992,AZDEQ_SW-139,31.3369444,-110.8498056,11.0
1993,AZDEQ_SW-139,31.3369444,-110.8498056,24.0
1994,AZDEQ_SW-139,31.3369444,-110.8498056,11.0
1999,AZDEQ_SW-139,31.3369444,-110.8498056,82.0
2000,AZDEQ_SW-437,33.0466389,-109.4372778,81.0
2001,AZDEQ_SW-437,33.0466389,-109.4372778,13.0
2002,AZDEQ_SW-437,33.0466389,-109.4372778,4.7
2003,AZDEQ_SW-437,33.0466389,-109.4372778,13.0
2004,AZDEQ_SW-437,33.0466389,-109.4372778,28.0
2005,AZDEQ_SW-437,33.0466389,-109.4372778,2.1
1987,AZDEQ_SW-151,31.5362778,-110.7618611,8.0
1988,AZDEQ_SW-151,31.5362778,-110.7618611,35.0
1989,AZDEQ_SW-151,31.5362778,-110.7618611,22.0
1991,AZDEQ_SW-151,31.5362778,-110.7618611,10.0
1992,AZDEQ_SW-151,31.5362778,-110.7618611,5.0
1993,AZDEQ_SW-151,31.5362778,-110.7618611,18.0
1987,AZDEQ_SW-976,34.6704778,-110.0445528,22.0
1988,AZDEQ_SW-976,34.6704778,-110.0445528,80.0
1990,AZDEQ_SW-976,34.6704778,-110.0445528,17.0
1991,AZDEQ_SW-976,34.6704778,-110.0445528,612.0
1992,AZDEQ_SW-976,34.6704778,-110.0445528,18.0
2006,AZDEQ_SW-976,34.6704778,-110.0445528,0.257
1987,AZDEQ_SW-427,34.0155556,-112.1680556,15.0
1988,AZDEQ_SW-427,34.0155556,-112.1680556,12.0
1989,AZDEQ_SW-427,34.0155556,-112.1680556,110.0
1990,AZDEQ_SW-427,34.0155556,-112.1680556,900.0
1991,AZDEQ_SW-427,34.0155556,-112.1680556,6.0
1992,AZDEQ_SW-427,34.0155556,-112.1680556,5.0
1993,AZDEQ_SW-427,34.0155556,-112.1680556,93.0
1994,AZDEQ_SW-427,34.0155556,-112.1680556,15.0
1995,AZDEQ_SW-427,34.0155556,-112.1680556,420.0
2019,AZDEQ_SW-427,34.0155556,-112.1680556,0.68
2000,AZDEQ_SW-1959,33.0573194,-109.3003583,53.0
2001,AZDEQ_SW-1959,33.0573194,-109.3003583,27.0
2002,AZDEQ_SW-1959,33.0573194,-109.3003583,35.0
2003,AZDEQ_SW-1959,33.0573194,-109.3003583,2.5
2004,AZDEQ_SW-1959,33.0573194,-109.3003583,6.2
2005,AZDEQ_SW-1959,33.0573194,-109.3003583,3.9
2002,AZDEQ_SW-1565,33.5196472,-112.2725333,24.0
2003,AZDEQ_SW-1565,33.5196472,-112.2725333,10.0
2004,AZDEQ_SW-1565,33.5196472,-112.2725333,10.0
2005,AZDEQ_SW-1565,33.5196472,-112.2725333,17.0
2006,AZDEQ_SW-1565,33.5196472,-112.2725333,14.0
2007,AZDEQ_SW-1565,33.5196472,-112.2725333,12.0
2000,AZDEQ_SW-1960,33.0549972,-109.2978333,100.0
2001,AZDEQ_SW-1960,33.0549972,-109.2978333,12.0
2002,AZDEQ_SW-1960,33.0549972,-109.2978333,43.0
2003,AZDEQ_SW-1960,33.0549972,-109.2978333,3.6
2004,AZDEQ_SW-1960,33.0549972,-109.2978333,19.0
2005,AZDEQ_SW-1960,33.0549972,-109.2978333,2.7
1987,AZDEQ_SW-480,33.0072222,-109.315,420.0
1988,AZDEQ_SW-480,33.0072222,-109.315,360.0
1990,AZDEQ_SW-480,33.0072222,-109.315,900.0
1991,AZDEQ_SW-480,33.0072222,-109.315,140.0
1992,AZDEQ_SW-480,33.0072222,-109.315,4200.0
1993,AZDEQ_SW-480,33.0072222,-109.315,1700.0
1987,AZDEQ_SW-428,33.7019444,-112.0658333,5.0
1988,AZDEQ_SW-428,33.7019444,-112.0658333,9.0
1989,AZDEQ_SW-428,33.7019444,-112.0658333,7.0
1990,AZDEQ_SW-428,33.7019444,-112.0658333,2.0
1991,AZDEQ_SW-428,33.7019444,-112.0658333,5.0
1992,AZDEQ_SW-428,33.7019444,-112.0658333,3.0
1993,AZDEQ_SW-428,33.7019444,-112.0658333,1.0
1994,AZDEQ_SW-428,33.7019444,-112.0658333,1.0
1995,AZDEQ_SW-428,33.7019444,-112.0658333,2.0
1987,AZDEQ_SW-429,33.8319444,-112.2741667,8.0
1988,AZDEQ_SW-429,33.8319444,-112.2741667,14.0
1989,AZDEQ_SW-429,33.8319444,-112.2741667,6.0
1991,AZDEQ_SW-429,33.8319444,-112.2741667,9.0
1992,AZDEQ_SW-429,33.8319444,-112.2741667,6.0
1993,AZDEQ_SW-429,33.8319444,-112.2741667,9.0
1994,AZDEQ_SW-429,33.8319444,-112.2741667,2.0
1995,AZDEQ_SW-429,33.8319444,-112.2741667,2.0
1987,AZDEQ_SW-430,32.8355556,-111.4286111,13.0
1988,AZDEQ_SW-430,32.8355556,-111.4286111,11.0
1989,AZDEQ_SW-430,32.8355556,-111.4286111,17.0
1990,AZDEQ_SW-430,32.8355556,-111.4286111,4.0
1991,AZDEQ_SW-430,32.8355556,-111.4286111,13.0
1992,AZDEQ_SW-430,32.8355556,-111.4286111,3.0
1993,AZDEQ_SW-430,32.8355556,-111.4286111,3.0
1994,AZDEQ_SW-430,32.8355556,-111.4286111,5.0
1995,AZDEQ_SW-430,32.8355556,-111.4286111,2.0
1987,AZDEQ_SW-431,34.1786111,-114.0519444,4.0
1988,AZDEQ_SW-431,34.1786111,-114.0519444,19.0
1989,AZDEQ_SW-431,34.1786111,-114.0519444,4.0
1990,AZDEQ_SW-431,34.1786111,-114.0519444,3.0
1991,AZDEQ_SW-431,34.1786111,-114.0519444,2.0
1993,AZDEQ_SW-431,34.1786111,-114.0519444,3.0
1994,AZDEQ_SW-431,34.1786111,-114.0519444,1.0
2000,AZDEQ_SW-1961,32.994475,-109.35,150.0
2001,AZDEQ_SW-1961,32.994475,-109.35,8.5
2002,AZDEQ_SW-1961,32.994475,-109.35,150.0
2003,AZDEQ_SW-1961,32.994475,-109.35,5.3
2004,AZDEQ_SW-1961,32.994475,-109.35,13.0
2005,AZDEQ_SW-1961,32.994475,-109.35,4.6
2000,AZDEQ_SW-1962,32.9885972,-109.3628583,150.0
2001,AZDEQ_SW-1962,32.9885972,-109.3628583,7.9
2002,AZDEQ_SW-1962,32.9885972,-109.3628583,170.0
2003,AZDEQ_SW-1962,32.9885972,-109.3628583,5.7
2004,AZDEQ_SW-1962,32.9885972,-109.3628583,16.0
2005,AZDEQ_SW-1962,32.9885972,-109.3628583,5.0
2000,AZDEQ_SW-1963,33.0571,-109.4396361,65.0
2001,AZDEQ_SW-1963,33.0571,-109.4396361,7.8
2002,AZDEQ_SW-1963,33.0571,-109.4396361,3.7
2003,AZDEQ_SW-1963,33.0571,-109.4396361,4.4
2004,AZDEQ_SW-1963,33.0571,-109.4396361,12.0
2005,AZDEQ_SW-1963,33.0571,-109.4396361,2.0
